title,BKT_SED29U_Br,BKT_SED29U_C,BKT_SED29U_F,DUS_SED21U_Br,DUS_NOAA_Cr,DUS_SED21U_F,SNB_SED54_Br,SNB_NOAA_C,SNB_SED54_F,LCS_SED11_Br,LCS_NOAA_C,LOS_Mako_PelLL_ICCAT_Br,LOS_NOAA_C,LOS_ICCAT_F,ASN_SED34_Br,ASN_NOAA_C,ASN_SED34_F,SCS_SED34_Br,SCS_NOAA_C,YFT_PelLL_ICCAT_Br,YFT_NOAA_C,YFT_ICCAT_F,BFT_GOMPelLL_ICCAT_Br,BFT_NOAA_C,BFT_ICCAT_F,TUN_PelLL_ICCAT_Br,TUN_NOAA_C,BIL_PelLL_ICCAT_Br,BIL_ICCAT_C,BIL_ICCAT_F,SWO_PelLL_ICCAT_Br,SWO_NOAA_Cr,SWO_ICCAT_F,PCP_SMP_TRWL_Br,PCP_NOAA_C,GAJ_SED33U_Br,GAJ_SED33U_F,GAJ_SED33U_C,COB_SED28_Br,COB_SED28_F,COB_SED28_C,KM_0_SED38_Br,KM_1_SED38_Br,KM_1_SED38_F,KM_1_SED38_C,SM_0_SED28_Br,SM_1_SED28_Br,SM_1_SED28_F,SM_1_SED28_C,RAY_NOAA_C,RAY_SMP_TRWL_Br,Gag_0_SED33U_Br,Gag_3_SED33U_Br,Gag_3_SED33U_F,Gag_3_SED33U_C,RGR_0_SED61_Br,RGR_3_SED61_Br,RGR_3_SED61_F,RGR_3_SED61_C,YEG_0_SED22_Br,YEG_3_SED22_Br,YEG_3_SED22_F,YEG_3_SED22_C,GOL_SED47_Br,GOL_NOAA_C,GOL_SED47_F,DWG_NOAA_Cf,SWG_YMG_SMP_VID_Br,SWG_NOAA_Cf,RSN_0_SED52_Br,RSN_1_SED52_Br,RSN_1_SED52_F,RSN_1_SED52_Cr,RSN_3_SED52_Br,RSN_3_SED52_F,RSN_3_SED52_C,VSN_SED67_Br,VSN_SED67_F,VSN_SED67_C,MSN_SED15AU_Br,MSN_SED15AU_F,MSN_SED15_C,OSN_SMP_TRWL_Br,OSN_NOAA_C,CoP_NOAA_C,ST_NOAA_C,ST_SMP_TRWL_Br,OcP_NOAA_C,OcP_SMP_TRWL_Br,BeP_NOAA_C,BeP_SMP_TRWL_Br,ReP_NOAA_C,ReP_SMP_TRWL_Br,RIF_NOAA_C,RIF_SMP_TRWL_Br,DCIF_NOAA_C,DCIF_SMP_TRWL_Br,RD_DISL_Br,RD_SED49_Cf,BCIF_NOAA_C,BCIF_SMP_TRWL_Br,TLF_SED22_Br,TLF_SED22_F,TLF_SED22_C,GTR_SED43_Br,GTR_SED43_F,GTR_SED43_C,CoOm_NOAA_C,CoOm_SMP_TRWL_Br,ReOm_NOAA_C,SRF_NOAA_C,SHS_NOAA_C,SHS_SMP_TRWL_Br,MEN_0_SED63_Br,MEN_1_SED63_Br,MEN_1_SED63_F,MEN_1_SED63_Cr,MEN_2_SED63_Br,MEN_2_SED63_F,MEN_2_SED63_C,MEN_3_SED63_Br,MEN_3_SED63_F,MEN_3_SED63_Cr,MEN_4_SED63_Br,MEN_4_SED63_F,MEN_4_SED63_Cr,ASK_SMP_TRWL_Br,MUL_NOAA_Cf,BUT_SMP_TRWL_Br,CEP_SMP_TRWL_Br,PSHR_SEFSC_2018_Br,PSHR_SEFSC_2018_F,PSHR_SEFSC_2018_C,BSHR_SEFSC_2018_Br,BSHR_SEFSC_2018_F,BSHR_SEFSC_2018_C,WSHR_SEFSC_2018_Br,WSHR_SEFSC_2018_F,WSHR_SEFSC_2018_C,CRB_SMP_TRWL_Br,CRB_GDAR_F,CRB_NOAA_C,MEP_SMP_TRWL_Br,MEP_NOAA_C,Comm_Dredge_Dig_E,Comm_Handline_E,Comm_Longline_Fish_E,Comm_Longline_Pelagic_E,Comm_Longline_Shark_E,Comm_Nets_E,Comm_Other_E,Comm_Pots_Traps_E,Comm_Purse_Menhaden_E,Comm_Purse_Other_E,Comm_Trawl_Bottom_Other_E,Comm_Trawl_Bottom_Shrimp_E,Rec_Headboat_E,Rec_Shore_E,Rec_Charterboat_E,Rec_Private_E
weight,1,0.5,1,1,0.5,1,1,0.5,0.5,1,0.5,1,0.5,0.5,1,0.5,0.5,1,0.5,1,1,1,1,1,1,1,1,3.780804038,1,1,9.04158218,1,1,0.550776132,1,10.68338172,1,7.849558316,7.877364591,1,2.91,12.28960161,15.03007788,1,17.7325756,5.112123148,10.77956389,1,5.71,1,2.614892847,15.3156862,22.11894536,1,7.413274335,4.539571614,7.229328821,1,4.981293779,7.793356177,20.71111329,1,27.13943168,13.16750877,1,1,1,1,1,15.86678862,14.57079032,1,20,13.27479202,1,19.99999202,21.17229992,1,10.23860897,13.16750877,1,1,0.693275935,1,1,1,5.565316209,1,3.271817145,1,14.35517822,1,3.052945517,1,9.223392577,1,5.064911533,1,1,1,11.36966917,3.635465842,1,3.212409238,5.744619113,1,10.67698154,1,10.38572616,1,1,1,3.02804146,1,13.16750877,1,5.496166424,13.16750877,1,5.496166424,13.16750877,1,5.496166424,13.16750877,1,5.496166424,2.740987445,1,1.423256154,4.988521003,13.16750877,1,0.971150426,13.16750877,1,10.62443351,13.16750877,1,7.981334919,0.551689789,1,1,0.629580498,1,1,1,1,1,1,1,1,1,1,1,1,1,1,1,1,1
pool code,6,6,6,7,7,7,8,8,8,9,9,10,10,10,11,11,11,12,12,13,13,13,14,14,14,15,15,16,16,16,17,17,17,18,18,19,19,19,20,20,20,21,22,22,22,23,24,24,24,25,25,26,27,27,27,28,29,29,29,30,31,31,31,32,32,32,33,34,34,35,36,36,36,37,37,37,38,38,38,39,39,39,40,40,41,42,42,43,43,44,44,45,45,46,46,47,47,48,48,49,49,50,50,50,51,51,51,52,52,53,54,57,57,58,59,59,59,60,60,60,61,61,61,62,62,62,63,64,65,66,67,67,67,68,68,68,69,69,69,70,70,70,72,72,1,2,3,4,5,6,7,8,9,10,11,12,13,14,15,16
type,0,6,4,0,61,4,0,6,4,0,6,0,6,4,0,6,4,0,6,0,6,4,0,6,4,0,6,0,6,4,0,61,4,0,6,0,4,6,0,4,6,0,0,4,6,0,0,4,6,6,0,0,0,4,6,0,0,4,6,0,0,4,6,0,6,4,-6,0,-6,0,0,4,61,0,4,6,0,4,6,0,4,6,0,6,6,6,0,6,0,6,0,6,0,6,0,6,0,0,-6,6,0,0,4,6,0,4,6,6,0,6,6,6,0,0,0,4,61,0,4,6,0,4,61,0,4,61,0,-6,0,0,0,4,6,0,4,6,0,4,6,0,4,6,0,6,3,3,3,3,3,3,3,3,3,3,3,3,3,3,3,3
1980,,,0.008,1.661000486,0.000162478,0.018,1.89821484,0.0000118,0.054,1.044402005,0.000259965,1.41,,0.019,1.337206838,0.0002079,0.209,1.493524164,0.0000118,,,0.194,,1.48E-05,0.161,,0.001526056,,,0.314,,0.002780645,0.079,,0.009873187,2.13033897,0.158172525,0.004603499,1.116987224,0.244325027,0.002708187,0.369275659,1.143256437,0.048236971,0.006758745,1.050159526,1.144188745,0.130722271,0.008223603,0.000339305,,0.676128066,0.831264923,0.235196082,0.004262261,,,0.228927726,,1.004183442,1.960697228,0.026382337,0.001274761,0.744173729,0.000296121,0.212,0.000175643,,,1.448083808,0.640648783,0.482179619,0.004581201,0.611104233,0.251610576,0.010637193,1.553694926,0.012450456,0.000918788,,0.141377012,,,0.001033108,0.017036807,0.021514273,,0.000368014,,0.000000242,,9.94E-07,,0.003186758,,0.038262607,,,0.004006633,7.45E-05,,1.887671417,0.005826001,4.09E-05,1.604461089,0.03720255,0.002035232,0.000109526,,3.78E-06,0.000321754,0.007586128,,,0.765353219,0.24875279,0.758880968,1.224816833,0.626416421,1.254411613,1.407898486,0.499831826,0.215717581,0.964655079,0.436884154,0.031700948,,0.042977834,,,,0.16577444,,,1.975964656,,,0.082297539,,,0.819218503,0.062849881,,0.034349555,1,1,1,1,1,1,1,1,1,1,1,1,1,1,1,1
1981,1.062360802,0.000794463,0.008,1.661000486,0.000194801,0.021,1.889192943,3.69E-05,0.247,1.050370017,0.000521736,1.4,,0.03,1.332157728,0.004802549,0.258,1.46233472,3.80E-05,,,0.244,,3.80E-05,0.169,,0.000554186,,0.000661356,0.36,,0.0019,0.069,,0.014890845,1.92341018,0.101875233,0.002677003,1.075491505,0.212713681,0.002270204,0.474108266,1.09591787,0.045214316,0.006072903,1.052530146,1.159661376,0.162306372,0.010348601,0.000290835,,0.65770629,0.844690372,0.222996457,0.004106445,,,0.228097194,,1.019924792,1.906817981,0.085005347,0.003994483,0.797139831,0.000268371,0.702,0.001146984,,0.001675636,1.798631425,1.032513128,0.433205536,0.006633459,0.49892887,0.260966951,0.009007556,1.531274917,0.013628489,0.000991209,1.09765527,0.133849634,0.002061716,,0.002006075,0.018569274,0.038823155,,0.000290293,,0.001506866,,0.004843412,,0.012102965,,0.052879456,,,0.01354008,0.000110437,,1.864405233,0.052268947,0.000362161,1.540871967,0.07775563,0.004085172,0.002525527,,8.33E-05,0.000317129,0.008132322,,,1.452930543,0.179830117,1.041480323,0.72093612,0.488815161,0.576165484,1.129840695,0.385991733,0.133685871,1.241848062,0.337649503,0.031540494,,0.049638955,,,,0.165711527,,,2.035597157,,,0.074837569,,,0.840120266,0.062171266,,0.028829028,1.096824167,1.028938149,1.17543613,1,0.990291262,1.108906729,1.052287582,0.984403906,0.992670491,1.56,0.815920398,1.551355087,0.995654931,1.227015859,1,1
1982,1.062360802,0.000968047,0.008,1.64351627,0.000216795,0.024,1.84545935,0.000120672,0.209,1.032465982,0.000989023,1.39,1.13E-05,0.034,1.320058422,0.000253096,0.247,1.422837857,0.000122537,,0.000311945,0.268,,4.68E-05,0.052,,0.000406623,,1.61E-05,0.377,,0.002148387,0.086,0.0000947,0.017816809,2.0273306,0.246042667,0.006814645,1.077830491,0.336238648,0.003596338,1.174226551,1.039250407,0.056566453,0.007204794,1.038481658,1.076174897,0.220690477,0.013058141,0.000519447,0.005592559,1.054199743,0.834099724,0.281755598,0.005123432,,,0.226209411,,0.980362561,1.743939619,0.15410682,0.006623056,0.508474576,0.001894643,0.498,0.001543733,,0.001950652,1.015167365,1.575027956,0.37355137,0.008725475,0.396249574,0.212146203,0.005815498,1.514154897,0.022616306,0.001626509,1.118803812,0.135506472,0.002127452,0.009341946,0.002594512,0.024424392,0.044869837,0.01384767,0.000448955,0.0001,0.00192865,0.075702082,0.000618381,,0.01212609,0.066095617,0.056634753,0.04308185,,0.016458158,0.002371735,0.099552317,1.783359417,0.066680988,0.000441935,1.39902766,0.084501593,0.00403091,0.001730994,0.040260792,0.000136935,0.000236567,0.012074512,0.002356801,,1.409551136,0.21597604,1.213473226,1.494718916,0.563917693,1.378100968,0.915690115,0.447783219,0.12569171,1.408256482,0.391539388,0.041475452,0.002855219,0.041470907,0.0001,0.007268826,,0.166538035,,,1.958179062,,,0.078437285,,0.018647719,0.818704689,0.054126207,0.02543115,0.026900532,1.183062226,1.028911997,1.175257093,1,0.979195562,1.20246716,1.274509804,1.009709272,1.041746335,1.733333333,0.676616915,1.57436635,1.012793847,1.505567918,1.000734488,0.700496004
1983,1.058351893,0.000476618,0.005,1.626032054,0.000257485,0.029,1.8057748,0.000530447,0.385,1.020529959,0.000463524,1.39,,0.038,1.31197239,0.002345769,0.239,1.380284716,0.000189706,,0.000224099,0.293,,0.000120061,0.083,,0.000483105,,1.29E-05,0.422,,0.001296774,0.101,0.003798802,0.017885524,1.837199784,0.16216672,0.0040703,0.895218088,0.290262142,0.002578586,0.344874134,0.973522851,0.060116561,0.0071727,1.018948452,0.983339977,0.163911035,0.008861899,0.000593641,0.005864298,1.130201202,0.84448945,0.310088547,0.005708873,,,0.232476574,,0.972914518,1.475423509,0.139883082,0.005086125,0.407838983,0.000255388,0.232,0.000510872,,0.003963266,0.467646316,1.442852637,0.410026252,0.008773727,0.418825818,0.306573154,0.008882811,1.489451823,0.016872127,0.001193605,1.085701747,0.154774931,0.002358071,0.006365864,0.003135172,0.027657966,0.04779884,0.052443365,0.000494819,0.007079257,0.005153651,0.078638271,0.000811035,0.001071391,0.014318089,0.047155988,0.059272929,0.278998862,,0.021649254,0.002750625,0.170561744,1.687942272,0.054365064,0.000341032,1.281703149,0.060175293,0.002629769,0.001812087,0.041888462,4.63E-05,0.0000382,0.009515841,0.010163394,,1.031826664,0.27721595,1.140167742,1.385629,0.676667948,1.53295129,1.609717765,0.54212589,0.267510097,1.057122214,0.473693541,0.037666613,0.003369599,0.041180829,0.006560762,0.026860757,,0.165073758,,,1.93411775,,,0.093617764,,0.039368235,0.798830554,0.059320614,0.057028931,0.025120458,1.227214046,1.029071743,1.176241699,1,0.830790569,1.285581261,1.326797386,1.071238886,1.044933078,1.786666667,0.611940299,1.387829433,0.991551222,1.847355711,0.975225081,0.881149016
1984,1.058351893,0.000635702,0.006,1.608547839,0.000227728,0.036,1.739181805,0.000126294,0.271,1.020529959,0.0004892,1.38,1.07E-04,0.04,1.245120456,0.000291261,0.242,1.349727115,0.000192475,,0.001256353,0.205,,0.00025697,0.082,,0.000335879,,4.84E-05,0.435,,0.001277419,0.095,0.004119194,0.01782576,1.824007123,0.146429243,0.003648905,0.693687664,0.315710154,0.002173276,0.521186848,0.920750265,0.06825242,0.007701978,1.01071762,0.947458006,0.13912588,0.007247409,0.000568387,0.001570112,0.79463511,0.87533543,0.193803829,0.003698344,,,0.225605596,,0.921886234,1.279362401,0.128644973,0.00405594,0.444915254,0.000215572,0.399,0.000191169,,0.001079594,0.340829361,0.789367977,0.213709565,0.002501808,0.480176499,0.293767951,0.009758614,1.476775812,0.037653169,0.002641074,1.059495946,0.159850944,0.002376623,0.011447281,0.006547467,0.026462512,0.04452527,0.050454033,0.000515807,0.011857635,0.001105963,0.06690352,0.000248649,0.001524973,0.013893535,0.04128068,0.047734616,0.297125626,,0.023204233,0.000599576,0.142681657,1.615435962,0.073607058,0.000441903,1.237625584,0.029492224,0.00124454,0.002329727,0.029431212,7.28E-05,0.0000406,0.01059993,0.022103884,,1.168599298,0.358107441,1.668102581,0.935487165,0.801168899,1.22537129,1.112608948,0.648783353,0.221275097,1.252388312,0.566342093,0.053352129,0.011520935,0.042173772,0.065214969,0.022374985,0.489122033,0.165522787,0.007202926,0.647191762,2.214494659,0.119999179,1.715915896,0.052457657,0.081984532,0.045677928,0.902825556,0.082586786,0.032063994,0.026414986,1.228375936,1.028830708,1.174809596,1,1.191400832,1.197955936,1.435729847,1.181268441,1.0291587,1.88,0.532338308,1.723565999,0.982619723,2.266734755,1.024040431,0.966815825
1985,1.054342984,0.000842967,0.007,1.591063623,0.000204964,0.044,1.685659749,5.28E-05,0.225,1.008593937,0.001444907,1.37,,0.087,1.246503687,2.83E-04,0.275,1.324847751,0.000102694,,0.004757096,0.273,,0.000217761,0.104,,0.000368958,,0.000165484,0.42,,0.002051613,0.111,0.001125022,0.013095204,1.807199974,0.220351138,0.005440387,0.784509346,0.344864586,0.002684783,0.776194169,0.858381523,0.057738152,0.006074152,1.413067118,0.9515839,0.107040174,0.005600268,0.001835053,0.007296431,0.77735911,0.970826786,0.306689526,0.006490993,,,0.220546063,,0.963358597,1.131704672,0.108200856,0.00301765,0.421080508,0.000424083,0.931,0.002049237,,0.002315209,0.48222149,0.412759635,0.098793782,0.000604752,0.547150057,0.32964467,0.012477723,1.431695613,0.047741245,0.003246452,0.972832901,0.050414934,0.000688245,0.018150975,0.00320442,0.023983687,0.042192161,0.061918634,0.000464246,0.018024836,0.002786907,0.066608628,0.000833142,0.001333942,0.015334849,0.058077366,0.052605838,0.173540319,,0.021867716,0.000575171,0.109588706,1.527604778,0.071804774,0.000407645,1.269492294,0.025574707,0.001107013,0.000930393,0.045100256,0.000213226,0.000430088,0.011242664,0.009178053,,1.698343089,0.259354591,1.755751935,0.944191164,0.645556651,0.996552258,0.494498852,0.515892949,0.078201516,0.649513678,0.450866296,0.022027742,0.007708756,0.037523852,0.010966066,0.014555785,1.131092369,0.169017561,0.022971613,0.875823831,1.725924778,0.126563734,1.060578194,0.089236433,0.086200926,0.044066143,0.754457955,0.082755605,0.038818975,0.025450239,1.126646011,1.028833539,1.174719984,1,1.364771151,1.086142678,1.331154684,1.299265071,0.893244105,1.773333333,0.512437811,1.671080894,1.064210595,2.781319492,1.002937951,1.070891785
1986,1.050334076,0.003545113,0.014,1.573579407,0.000194702,0.056,1.638427469,0.000259526,0.316,1.008593937,0.001491802,1.34,1.87E-06,0.12,1.243496111,0.004717882,0.327,1.26515335,5.78E-05,,0.011314972,0.233,,0.000371122,0.101,,0.003312015,,0.000313548,0.511,,0.001441935,0.148,0.000857582,0.018685313,1.681413586,0.370113987,0.008501945,0.660774496,0.415361425,0.002723591,0.69722416,0.809981046,0.065707524,0.006522774,0.882316142,1.057234678,0.309320137,0.017980199,0.000644236,0.004973534,0.767441654,0.936470416,0.291161723,0.005944274,0.937226739,1.04573952,0.251278064,0.016147681,1.063844916,1.031336711,0.081649443,0.002075195,0.230402542,0.000214396,0.721,0.001256005,,0.010196834,0.565672016,0.394047575,0.08161381,0.000476939,0.531258436,0.32904793,0.012093384,1.380845638,0.06116487,0.004011545,1.009842849,0.109057364,0.001545448,0.005310658,0.002712909,0.026205918,0.053170935,0.034692516,0.000439728,0.003598747,0.004678195,0.048679315,0.000731925,0.004594307,0.012550892,0.04233054,0.057368239,0.050838218,,0.035809867,0.000460279,0.061769388,1.44742924,0.090480434,0.00048671,1.35968827,0.050839835,0.002356977,0.001426401,0.040542537,9.91E-05,0.000464576,0.016031448,0.006124864,,1.042877273,0.236853137,0.984591613,1.577367342,0.604316678,1.558487097,0.827506503,0.481359386,0.122104355,0.461397779,0.420796116,0.014604313,0.004167934,0.045443016,0.009995525,0.01098561,0.881537359,0.160680926,0.017020277,0.925631818,1.861933814,0.144302273,0.816611305,0.139159204,0.103503339,0.029065296,0.739208151,0.077731367,0.017823943,0.04037815,1.026981668,1.029550981,1.179195518,1,1.611650485,0.919570937,1.557734205,1.419749026,0.96637986,2.186666667,0.502487562,2.128691234,0.927823349,3.412723125,0.899088665,1.048533612
1987,1.042316258,0.002906375,0.008,1.538610976,0.000359735,0.069,1.574625562,9.95E-05,0.228,1.002625925,0.000680371,1.31,5.79E-05,0.124,1.228804041,0.002271949,0.457,1.205515157,6.71E-05,,0.013464165,0.215,,0.000584514,0.12,,0.000952399,,0.000651935,0.497,,0.002241935,0.174,0.002518888,0.017220977,1.452556199,0.520777799,0.0103346,0.764809345,0.331368491,0.002514935,0.346767125,0.766275779,0.054803893,0.005146819,0.695718076,0.864482536,0.172202368,0.008184841,0.000509964,0.004591059,0.871288859,0.85807489,0.230552373,0.004312859,0.936961706,0.966698311,0.204992662,0.012177589,1.181116039,0.97421316,0.073172819,0.001756746,0.164194915,0.000221304,1.197,0.00066464,,0.005996638,0.355887325,0.483872536,0.065836428,0.000472441,0.482669327,0.310075279,0.010353798,1.315559485,0.068048196,0.004251984,1.002027084,0.170060794,0.002391274,0.006639356,0.002962571,0.02729809,0.045852093,0.014934681,0.000477982,0.000598322,0.001037149,0.046071111,0.000945324,0.003011535,0.017006037,0.041962894,0.056810637,0.029138425,,0.020458998,0.000569805,0.053432412,1.361264395,0.155419198,0.000786258,1.453039122,0.030880539,0.001529939,0.001330404,0.027999729,4.35E-05,0.000401245,0.015331024,0.008103848,,1.206758092,0.303593968,1.460350645,0.997854279,0.720116026,1.174830968,1.54010361,0.579032764,0.27336529,0.750379391,0.50578402,0.028548277,0.005718221,0.038550719,0.016413916,0.010715075,0.738724024,0.166869872,0.014812274,0.649938753,2.474612845,0.134663641,0.539945991,0.159009913,0.078199065,0.014344872,1.214810564,0.114986563,0.013537895,0.033132592,1.037567777,1.028107605,1.170513286,1,1.169209431,0.752764142,1.716775599,1.57601168,0.962715105,2.626666667,0.567164179,2.069145856,0.955825225,2.270583132,1.170901759,1.09792923
1988,1.034298441,0.005844324,0.012,1.503642545,0.00025773,0.084,1.504868024,0.000219505,0.355,0.996657914,0.001359129,1.29,2.04E-04,0.112,1.148200696,0.004264237,0.342,1.060680161,9.18E-05,,0.025216358,0.182,,0.000443163,0.152,,0.000718199,,0.000396774,0.485,,0.003335484,0.181,0.002312931,0.018996431,1.133554886,0.461403644,0.007145487,0.735732669,0.40205217,0.002935384,0.81007906,0.739003519,0.067973747,0.006156446,0.809054729,0.7565578,0.162178971,0.006746081,0.000693059,0.00287524,0.498470179,0.950073519,0.250720752,0.005192996,0.933165492,0.963896755,0.205367463,0.012164498,0.987803132,0.937354527,0.104314982,0.00240966,0.084745763,0.000209434,1.378,0.000800428,,0.006178196,0.55001388,0.44023851,0.144515329,0.000943523,0.456633393,0.366253187,0.011569962,1.261494416,0.084481211,0.005061858,0.932604698,0.148308602,0.001940929,0.00839013,0.002008929,0.02137084,0.040308165,0.011040506,0.000338001,0.002770063,0.001844839,0.041925147,0.000550253,0.00111155,0.02114203,0.037860653,0.050547004,0.00010.022680964,,0.012369809,0.000681737,0.05851809,1.223336255,0.305802182,0.001390287,1.543510001,0.0853305,0.00449082,0.001559147,0.028493025,6.08E-05,0.000741945,0.014295943,0.009212461,,0.677135287,0.278511309,0.751730323,1.054908825,0.67887024,1.170866774,0.701935312,0.543988725,0.117051581,1.037248065,0.475313591,0.037084871,0.003805231,0.041443198,0.006775036,0.00995873,0.858562972,0.126372587,0.013037269,0.531914474,2.667377467,0.118794667,0.518375434,0.139978306,0.066089457,0.013410495,1.404881385,0.116113426,0.02026188,0.032605505,1.025432481,1.028842032,1.174451149,1,1.183079057,0.566077224,2.2,1.689278575,0.946622052,2,0.564676617,1.993574777,1.308983211,2.79563532,0.940139677,1.378737513
1989,1.026280624,0.005747717,0.011,1.451189898,0.000140238,0.097,1.404211965,5.19E-05,0.328,0.990689902,0.000228967,1.26,9.97E-05,0.083,1.114599445,0.002365866,0.455,1.04549222,0.000426288,,0.018488372,0.217,,0.000202301,0.16,,0.000466916,,0.000445161,0.463,,0.003383871,0.17,0.00185114,0.019907207,1.01778466,0.635385983,0.008834903,0.672897186,0.420239598,0.002806132,1.136947167,0.698438273,0.081641532,0.006988461,1.312609915,0.743557344,0.171319912,0.007003856,0.00124719,0.004472009,0.497469211,0.879761506,0.24276915,0.004656171,0.932601179,0.952394355,0.359036315,0.02101296,0.859679727,0.876095007,0.052285694,0.001128858,0.042372881,0.000140233,1.555,0.000536515,,0.005361352,1.263885032,0.403598924,0.100836339,0.000603556,0.411537212,0.334266822,0.009516675,1.202977382,0.065275083,0.003729661,0.885710106,0.140638983,0.001748006,0.007214827,0.002983376,0.020043428,0.03777272,0.0361393,0.000311517,0.008657662,0.001189689,0.063922017,0.000279269,0.003727365,0.026509849,0.057771781,0.04032246,0.02007252,,0.01666538,0.000393133,0.084007413,0.975214076,0.183539736,0.000665194,1.506496721,0.102295943,0.005254586,0.001443625,0.040627402,0.000105589,0.000751443,0.021976283,0.005462878,,0.751783265,0.325747845,0.976153226,0.612828572,0.754421713,0.755890645,0.841638956,0.608407371,0.156967806,0.618665712,0.531302513,0.024724745,0.006472515,0.043509123,0.010051717,0.020157989,0.763862453,0.135463652,0.012433675,0.44103262,3.737525804,0.138014771,0.486998842,0.120647147,0.053514568,0.01851424,0.962757388,0.08151156,0.020328384,0.036630942,1.160728118,1.031703305,1.192622119,1,1.099861304,0.449373039,2.3,1.783491551,0.884799235,2.313333333,1,1.921066886,1.439797945,2.105383279,0.886308973,1.122771157
1990,1.018262806,0.003180572,0.011,1.398737251,0.000205897,0.107,1.297777176,1.69E-05,0.406,0.990689902,0.000231572,1.24,3.36E-05,0.102,1.116970132,0.001883015,0.459,0.974689432,0.000135727,,0.011656583,0.271,,0.000320605,0.168,,0.000629724,,0.000287097,0.528,,0.001632258,0.162,0.002293129,0.023789948,0.785765216,0.251523775,0.002700102,0.855668822,0.243094308,0.002064158,1.332478799,0.665855705,0.064747829,0.005283816,1.293614917,0.82195453,0.155293685,0.00701805,0.001463805,0.004357198,0.623851502,0.839055283,0.253093751,0.004629589,0.932519191,0.784332876,0.200784171,0.009677472,0.854670024,0.868572334,0.059931946,0.001282831,0.023834746,1.47E-05,0.173,0.000990895,,0.003001403,0.916803397,0.805323585,0.063729246,0.000761132,0.365789049,0.250199567,0.006331405,1.175099822,0.091855334,0.005126768,0.871687704,0.106465981,0.001302319,0.010145107,0.002518692,0.021034388,0.024101822,0.03092591,0.000285873,0.013744536,0.001465,0.061341671,0.001227933,0.003066896,0.020713706,0.044974448,0.026833378,0.017332814,,0.011902098,0.0003942,0.062694293,0.878046092,0.161323104,0.000526419,1.416235272,0.158208883,0.007639734,0.001357654,0.039307757,1.89E-05,0.000655207,0.012883793,0.008763498,,0.82716582,0.284029425,0.936482581,0.63684778,0.688170547,0.716535161,0.384619759,0.551865297,0.065066129,0.535492593,0.4821646,0.019421497,0.004036805,0.045401181,0.020794608,0.012169699,0.709653488,0.125277054,0.010682661,0.545464497,3.311721155,0.151248442,0.643902983,0.110391202,0.064741377,0.007637447,0.834566013,0.085475698,0.014920768,0.027573438,1.17673638,1.023777479,1.144466589,1.089655172,0.951456311,0.342229214,2.4,1.85762911,0.897227533,2.156666667,0.893034826,1.804927249,2.154054748,1.87158634,0.699044425,0.929895006
1991,1.010244989,0.003446641,0.012,1.346284604,0.000159756,0.116,1.202722949,0.001255403,0.377,0.984721891,0.000347271,1.21,0.000111781,0.106,1.111529212,0.001284131,0.524,0.927469138,4.60E-05,,0.008317005,0.27,,0.000383474,0.17,,0.001123117,,0.00033871,0.52,,0.002348387,0.161,0.001556148,0.02785372,1.005643094,0.578955483,0.007954215,1.096430163,0.237425642,0.002583277,0.989727023,0.688662814,0.091982135,0.00776341,1.455558037,0.891467027,0.173332519,0.008495721,0.000756582,0.008327172,0.969630957,0.756222975,0.276567055,0.004559537,0.932393129,0.785139267,0.216285723,0.01043534,0.897439641,0.85542658,0.053866758,0.001135556,0.066207627,1.17E-06,0.212,0.000607222,,0.002694264,1.171548667,1.076183525,0.104394305,0.001666148,0.380790651,0.229976845,0.006058334,1.137196164,0.095751031,0.005171819,0.894215498,0.151092031,0.001895961,0.01117644,0.003724972,0.019186946,0.036948669,0.034193818,0.000310959,0.013331774,0.001916036,0.062693385,0.000602413,0.003587383,0.023698038,0.058188344,0.030506537,0.054903055,,0.015616704,0.000324194,0.052030369,0.817338171,0.103193124,0.000313452,1.252073138,0.130633408,0.005576939,0.001682826,0.046088984,4.44E-05,0.001085924,0.016267935,0.002923182,,0.650022571,0.305942751,0.792706452,0.74297737,0.723845672,0.879280323,0.494358052,0.582216319,0.08823,0.326795716,0.508550453,0.012500987,0.004873566,0.043463194,0.009349376,0.012500915,0.697645083,0.112926383,0.009466546,0.666328231,2.297025363,0.128151786,0.636745109,0.115542355,0.067009113,0.003886017,1.012863579,0.096430711,0.015024747,0.028869858,1.230699716,1.031045312,1.18626474,1.251724138,1.094313454,0.299191777,2.5,1.984304657,0.752549395,2.235,2.032338308,2.11380489,1.894723943,2.834298662,0.803349312,1.170935007
1992,1.002227171,0.003699031,0.009,1.293831957,0.000136814,0.124,1.125456991,0.001010264,0.382,0.984721891,0.000570051,1.19,2.09E-04,0.151,1.103958719,0.003183848,0.399,0.859059409,0.000185185,,0.013662207,0.287,,0.000251477,0.14,,0.001177123,,0.000216129,0.619,,0.002235484,0.173,0.000626606,0.022001301,0.777920891,0.48995103,0.005207105,1.161195652,0.283902783,0.003271429,1.06186001,0.713527105,0.103104769,0.009016368,0.589127801,0.974675056,0.196384031,0.010524002,0.000728958,0.005641511,0.550948432,0.84905958,0.250799623,0.004642325,0.930881081,0.777498165,0.210585007,0.010061411,0.917591557,0.849795896,0.073011618,0.001529015,0.174788136,,0.073,0.000496234,,0.002187164,0.799775381,0.976444597,0.087887443,0.001272697,0.500674947,0.296776667,0.010279416,1.102603566,0.12440112,0.006514906,0.875365711,0.207136292,0.002544435,0.00767825,0.002810722,0.01745483,0.028790951,0.032271536,0.000250127,0.007314276,0.001486048,0.059504778,0.000684871,0.00228925,0.024373513,0.053939449,0.0260767,0.054660713,,0.024732487,0.000649175,0.052367294,0.80280468,0.104098993,0.000310581,1.147014673,0.121155487,0.004738316,0.001750488,0.040069523,4.10E-05,0.00091065,0.01623791,0.002454861,,0.413198749,0.338046202,0.556773871,0.566358119,0.772645041,0.715446129,0.516427737,0.624098271,0.098799065,0.339495736,0.544924992,0.013915697,0.002054583,0.041389329,0.009024847,0.007648484,0.834131394,0.086989757,0.00871895,0.608664545,1.982540464,0.101034739,0.597204199,0.129028293,0.070183471,0.002060586,1.207837084,0.102204713,0.015183756,0.051861181,1.084688872,1.040287124,1.247135027,1.437931034,1.256588072,0.254549646,2.4,2.116000967,0.650095602,2.493333333,1.664179104,2.258764639,2.139844841,2.710740013,0.796202941,1.208041415
1993,0.994209354,0.002839347,0.009,1.24137931,0.000132636,0.135,1.048269657,0.000862691,0.341,0.978753879,0.000337029,1.16,0.000108505,0.201,1.071095086,0.003432696,0.346,0.826420269,0.000222392,1.13,0.010096819,0.31,0.48,0.000144405,0.144,0.15,0.002084173,1.5,0.000448387,0.615,0.76,0.001954839,0.196,0.001735174,0.019747869,0.736334142,0.555944458,0.005592611,1.076386733,0.293379194,0.003133719,1.37729572,0.733146468,0.096234358,0.008646957,0.778704788,0.832318858,0.171665909,0.007855769,0.000560984,0.007731273,0.653964581,0.841880157,0.334135345,0.006132579,0.931628837,0.774346161,0.225036653,0.010708298,1.176646156,0.827736418,0.055758095,0.001137379,0.304555085,,0.089,0.000446204,0.108974359,0.001860741,0.924692735,0.939964602,0.142814151,0.001990826,0.549505201,0.343311137,0.013050962,1.036325695,0.12754533,0.006278058,0.82893087,0.165051026,0.001919916,0.009293714,0.002964875,0.018899701,0.030022849,0.041998006,0.000334755,0.015492978,0.001231788,0.054231353,0.000815316,0.003435703,0.025644987,0.052734025,0.027768714,0.12803945,,0.025477955,0.000444482,0.056315009,0.79946913,0.140101568,0.000416258,1.054392414,0.125209043,0.004501424,0.001924343,0.0460375,3.30E-05,0.001329815,0.017585174,0.006077486,,0.950581419,0.333951267,1.265366129,0.343858349,0.76664077,0.431,0.333243265,0.618921878,0.063224806,0.306603103,0.540431687,0.012463823,0.003382263,0.047288453,0.016778461,0.008648145,0.834798244,0.13606037,0.013648181,0.517647845,2.300532853,0.099708804,0.572310115,0.109647779,0.057155535,0.007517206,1.20958207,0.095942463,0.023383334,0.053954109,0.938678027,1,1,1.434482759,1.25520111,0.289120628,2.3,2.195856779,0.725302741,1.333333333,1.895522388,2.14596836,2.241194914,2.506405543,1.350039522,1.16536166
1994,0.986191537,0.002104642,0.008,1.171442448,0.000196607,0.151,0.987651948,0.00164737,0.43,0.978753879,0.000491101,1.12,6.11E-05,0.2,1.034245146,0.003764593,0.408,0.809483303,0.000320377,1.56,0.006860541,0.348,0.28,0.000123925,0.124,0.29,0.001427262,0.99,0.000280645,0.521,1.98,0.001474194,0.192,0.001156823,0.019200584,0.611088078,0.52234978,0.004360874,1.214529943,0.265220238,0.003196519,1.247940699,0.760499825,0.118870746,0.011079406,0.39985121,0.773959226,0.191214275,0.008136793,0.000573092,0.00386766,1.007490961,0.770238894,0.30445056,0.005112257,0.925412411,0.769373566,0.201571418,0.009530118,1.266696259,0.825465999,0.077186567,0.001570168,0.405190678,3.66E-07,0.094,0.000366571,1.08974359,0.001699705,0.934517646,0.779729411,0.057064798,0.000659877,0.588662373,0.309336978,0.012597401,0.971762459,0.125928389,0.005812303,0.813988966,0.11818667,0.001349997,0.011219423,0.002769202,0.022903552,0.037031371,0.035585942,0.000472398,0.010170389,0.001247388,0.056905188,0.000543709,0.001990689,0.022865649,0.063588179,0.034521599,0.060294996,,0.023605075,0.000477603,0.05067543,0.773280926,0.197738094,0.000568258,0.951445661,0.12510642,0.004058593,0.002261132,0.043063349,6.30E-05,0.001297479,0.016955861,0.005900575,,0.867317851,0.374757261,1.295603548,0.795779457,0.823754611,1.071757097,0.206738982,0.668439546,0.042361839,0.210572148,0.583384282,0.009240374,0.003550684,0.04350905,0.017061426,0.007060925,0.814001859,0.147188184,0.0143966,0.5370463,2.18922374,0.098440211,0.495192803,0.149123607,0.06725859,0.002610461,1.233612178,0.078048811,0.018993644,0.044720931,0.70345985,1.052848811,1.311659193,1.813793103,1.58668516,0.217795377,2.2,2.000421425,0.752071383,1.933333333,0.619402985,1.824221595,2.227402945,2.391900185,1.491605569,1.209714167
1995,0.982182628,0.002516338,0.007,1.118989801,0.000196952,0.171,0.901894795,0.002113435,0.422,0.978753879,0.000400858,1.08,1.42E-04,0.276,0.971960887,0.007815477,0.349,0.779297495,0.000297973,0.83,0.005100102,0.33,0.59,8.53E-05,0.149,0.23,0.001671993,0.92,0.000262258,0.565,0.75,0.002070968,0.221,0.000778772,0.020370531,0.568824865,0.373160778,0.002899899,1.274825351,0.191714865,0.002425319,1.643439221,0.773138179,0.118263979,0.011206035,0.866808233,0.62800361,0.15350468,0.005300278,0.000392874,0.012077522,1.425879071,0.741621702,0.363561912,0.005878023,0.955722776,0.786269025,0.191317147,0.00924394,1.422425075,0.807007066,0.062355671,0.001240105,0.45815678,,0.073,0.000345545,0.980769231,0.001519366,1.290033886,0.866595553,0.035597392,0.000457494,0.597762707,0.286906458,0.011864569,0.854273536,0.144084177,0.005846255,0.831919251,0.118553468,0.001384016,0.011255272,0.002556256,0.014959107,0.030449339,0.047880724,0.000331341,0.015515275,0.001249593,0.069446236,0.000409904,0.003339712,0.02392837,0.053860147,0.027439825,0.045483709,,0.037080163,0.000335658,0.052260502,0.734637984,0.253864827,0.000693097,0.858860646,0.147744148,0.004326582,0.002427795,0.042557044,3.71E-05,0.001531786,0.009290482,0.003477064,,0.611335161,0.282500039,0.68840129,0.683446086,0.68560583,0.766098387,0.384133272,0.549691878,0.064727903,0.10964541,0.480274663,0.003961084,0.007823374,0.033319442,0.00805496,0.00446363,0.961594824,0.175528404,0.020281548,0.561276067,2.397230148,0.112656671,0.667726909,0.118521172,0.072081174,0.000553977,1.621949022,0.079651776,0.015061733,0.039368149,0.463077718,1.068012562,1.429745889,1.955172414,1.708737864,0.14791209,1.75,1.535633643,0.664435946,1.306666667,0.417910448,1.725022881,1.880305066,2.271260694,1.615063743,1.233635488
1996,0.974164811,0.002259248,0.009,1.049052938,0.000233958,0.196,0.837778399,0.001626876,0.481,0.978753879,0.000634788,1.04,0.000140128,0.352,0.919802609,0.00404085,0.338,0.764602342,0.000259121,1.43,0.006855326,0.335,0.41,7.16E-05,0.151,0.38,0.001450113,1.42,0.000281,0.465,1.43,0.002890323,0.218,0.00128142,0.015841571,0.599329586,0.489273843,0.004006139,1.436985,0.249807108,0.00356221,0.933149463,0.802568077,0.095181085,0.009362135,0.916453567,0.656227054,0.112314257,0.004052322,0.000285251,0.011331345,0.991431254,0.883420671,0.27303767,0.005258484,0.526482499,0.808600684,0.163764659,0.008137413,1.016150305,0.811574699,0.039392961,0.000787866,0.487288136,,0.016,0.000269999,1.198717949,0.001482821,0.899518294,1.059831518,0.026089525,0.000410066,0.630599032,0.290835124,0.012687703,0.766142859,0.10180328,0.003704555,0.845022152,0.10257753,0.001216371,0.00908869,0.00232426,0.013904538,0.02886594,0.040977917,0.00028051,0.010927357,0.001443447,0.055442172,0.000774319,0.001705717,0.018318076,0.048668896,0.026387352,0.131774642,,0.034727434,0.000334559,0.04753391,0.684962885,0.12103254,0.000308097,0.773482396,0.090443068,0.002385271,0.001928595,0.032514629,5.23E-06,0.001254774,0.010398834,0.005137972,1.470668486,1.001230517,0.185956423,0.742145484,0.550266919,0.76405896,0.687394516,0.53458458,0.616697851,0.101059968,0.273737188,0.538501006,0.011088026,0.002820869,0.025590484,0.025383381,0.008839394,1.014507404,0.2286973,0.027879042,0.692858074,1.875685462,0.108811539,0.61162255,0.09422272,0.052488742,0.00010.001393914,1.700402736,0.09141668,0.022127756,0.050991562,0.253550219,1.027994616,1.669656203,1.675862069,1.464632455,0.03813747,1.191721133,1.035378956,0.71972594,0.866666667,1.206467662,1.856627879,1.763491271,2.230285246,1.592232548,1.205243408
1997,0.970155902,0.002116002,0.008,0.979116076,0.000193683,0.226,0.782900111,0.000879196,0.376,0.984721891,0.000719097,0.99,7.54E-05,0.273,0.891383716,0.002789129,0.354,0.756140518,0.000260414,1.12,0.007759083,0.329,0.65,5.40E-05,0.148,0.22,0.001744328,1.14,0.000293613,0.461,0.95,0.002451613,0.197,0.001193559,0.027383349,0.512701853,0.412507085,0.002889379,1.504828666,0.29765906,0.004444968,1.030340857,0.858934634,0.094871042,0.009987026,0.733945884,0.722800816,0.10481744,0.004165499,0.000493767,0.00911746,1.350417861,0.992600326,0.276298354,0.005978926,1.70647057,0.849682717,0.175236612,0.009149844,0.932061491,0.832018965,0.051593575,0.001057874,0.508474576,,0.046,0.000442214,2.070512821,0.001751072,0.97723657,1.133682175,0.047618706,0.000800607,0.657524306,0.327833328,0.014912407,0.722041813,0.134925723,0.004627235,0.868239572,0.077422558,0.000943306,0.008355369,0.002325248,0.017029942,0.03055095,0.042923778,0.000375958,0.012437673,0.001248351,0.03593062,0.000823497,0.001638211,0.020615431,0.048576844,0.029834048,0.109458694,,0.035986387,0.000227512,0.055505749,0.718882787,0.184712767,0.000493484,0.756326742,0.082714542,0.002133061,0.002412172,0.042881632,1.44E-05,0.000905086,0.012381352,0.01896844,0.590268304,0.921739774,0.180921426,0.664725161,1.022233958,0.751580085,1.256120645,0.333890021,0.605966542,0.062021516,0.317960655,0.529182739,0.012656481,0.002687381,0.029007105,0.011997957,0.00636829,0.773280773,0.196474996,0.018256019,0.62755444,1.84555675,0.096972696,0.546611746,0.114957227,0.057232442,0.00305934,1.428884023,0.093884335,0.015545627,0.059553984,0.205267235,1.052131,1.514200299,1.668965517,1.460471567,0.020576243,1.023965142,0.783476587,0.685468451,0.786666667,1.5,2.159621958,1.73423558,2.434443274,1.761510196,1.314014868
1998,0.966146993,0.002871122,0.009,0.909179213,0.000141535,0.256,0.74480766,0.00102648,0.36,0.984721891,0.000429703,0.95,1.45E-04,0.289,0.863127416,0.00489525,0.414,0.758564277,0.000214391,1.27,0.00567147,0.351,0.39,4.30E-05,0.151,1.34,0.002206039,0.69,0.000167742,0.564,0.71,0.002041935,0.185,0.000622292,0.014500585,0.513333601,0.334876241,0.002348509,1.246858416,0.20431578,0.002528026,1.35012376,0.890599446,0.085894281,0.009375384,1.381941156,0.742330291,0.093070932,0.003798622,0.000263656,0.020252688,1.947298159,1.027808418,0.355462503,0.007964829,0.438673636,0.918197086,0.138582018,0.007819425,1.05401745,0.839213129,0.048464688,0.001002312,0.572033898,,0.049,0.000424149,,0.001459662,0.640059995,0.922886658,0.02721107,0.00037243,0.711451976,0.27622257,0.013595262,0.669133069,0.101985379,0.003241268,0.879503469,0.087332462,0.001077852,0.009939747,0.002423695,0.014770805,0.025787262,0.033337907,0.000291037,0.006107933,0.001161126,0.030306472,0.00049945,0.001249153,0.016295126,0.036896269,0.026920689,0.101998535,,0.023321105,0.000209329,0.042037176,0.713486212,0.163968419,0.000434774,0.757985446,0.079679289,0.002059294,0.003028213,0.037700564,1.03E-05,0.001207643,0.011382963,0.005026554,0.890404729,0.746839099,0.152703085,0.45458871,0.946970958,0.675385398,1.04566871,0.647888449,0.541041229,0.107453581,0.222043602,0.47274968,0.007895932,0.004358602,0.025907603,0.010356966,0.005685162,0.795080923,0.258160806,0.024663984,0.513694953,2.702581021,0.116239753,0.657147438,0.134140158,0.080287635,0.001536481,1.499121564,0.098977351,0.01533301,0.060297685,0.216627937,1.082548228,1.378176383,1.589655172,1.388349515,0.015251372,0.94335512,0.801755755,0.652166985,0.826666667,2,2.181045593,1.603629815,2.250216588,1.631967314,1.152209415
1999,0.962138085,0.002633325,0.004,0.821758135,0.000194219,0.28,0.707344186,0.000782818,0.351,0.990689902,0.000441527,0.91,5.91E-05,0.235,0.841692094,0.002079586,0.419,0.769501102,0.000122563,1.2,0.008022097,0.337,1.32,0.000116201,0.157,0.5,0.0016908,1.76,0.000487097,0.549,0.7,0.001871129,0.174,0.001938991,0.013471755,0.597500592,0.305261576,0.002491832,1.167863481,0.25606035,0.002967542,1.18521062,0.910648976,0.075917806,0.008472997,0.902455145,0.892882017,0.11030057,0.005414854,0.000359006,0.015583808,1.144648265,1.277297245,0.279136857,0.007772838,0.433679619,0.976377088,0.203493225,0.012209548,1.171734341,0.850470596,0.068142951,0.001428188,0.741525424,3.66E-08,0.025,0.000650384,,0.001252691,1.10207125,0.809198061,0.028053622,0.000336662,0.754162346,0.25556745,0.013333778,0.630567699,0.144740253,0.004334965,0.88249185,0.084791612,0.001050048,0.008916594,0.002035627,0.021842402,0.035407073,0.040828094,0.00038376,0.013713374,0.001556432,0.02793336,0.000250776,0.002212563,0.018187797,0.04127399,0.030629761,0.051150549,,0.025983697,0.000186142,0.041252161,0.740236562,0.199142621,0.000547839,0.783334263,0.076177356,0.002034628,0.002098947,0.0322305,7.28E-06,0.000887379,0.011073063,0.007572135,0.530241019,1.2190218,0.203515922,0.988902903,0.794174796,0.805168932,1.045463548,0.76321751,0.652257294,0.152601065,0.478783746,0.569354976,0.020504842,0.005091013,0.031708661,0.015801515,0.005716065,0.719895975,0.133547487,0.011552263,0.675929214,2.106677512,0.119225715,0.606161928,0.145648714,0.080412274,0.003156387,1.816359121,0.100939947,0.012131502,0.046621445,0.239736638,1.142844325,1.464125561,1.765517241,1.542302358,0.015712439,0.755991285,0.924863541,0.660452518,0.866666667,1.8,1.793869889,1.026874761,1.94114828,1.584988677,1.172846539
2000,0.958129176,0.003316513,0.008,0.751821272,0.000137821,0.28,0.668583447,0.00124251,0.177,0.990689902,0.000429827,0.88,4.84E-05,0.199,0.842504267,0.007032175,0.379,0.773477042,0.000311903,1.04,0.006391133,0.321,1.34,0.000105968,0.162,0.28,0.000599164,1.43,0.000316,0.638,1.16,0.002041581,0.167,0.002565531,0.011578877,0.6795227,0.323734006,0.003005388,1.102977947,0.240125833,0.002628259,1.257475704,0.941768282,0.087248572,0.010070355,1.042569538,0.904514279,0.119518404,0.005943813,0.000356091,0.007340464,1.1058647,1.415862506,0.334693624,0.01033092,3.544695708,0.924646617,0.203179108,0.011544813,0.935853757,0.848000161,0.076796854,0.001604887,1.014300847,,0.089,0.00058305,,0.001036322,1.098304866,0.826778798,0.011597938,0.000142207,0.798803198,0.26193567,0.014474957,0.637864854,0.096022432,0.002909148,0.913065285,0.063387462,0.000812177,0.010783964,0.002552109,0.013704249,0.038158651,0.021381936,0.000429319,0.003786699,0.00181077,0.03483089,0.000403545,0.00132608,0.01782093,0.045113328,0.033252575,0.0365836,,0.038993876,0.000138084,0.035657223,0.762211817,0.247653242,0.000701516,0.826648611,0.059543537,0.001678292,0.003445469,0.036059944,1.51E-06,0.001077648,0.01071214,0.003688566,0.840381992,1.042333442,0.135543859,0.563158065,1.217486849,0.623356295,1.240813226,0.413270026,0.497269574,0.062996452,0.405116065,0.434652822,0.013245119,0.008513169,0.02865261,0.002228787,0.004196672,0.750313634,0.117564213,0.010599358,0.689694989,2.452783716,0.141640347,0.682363923,0.165309839,0.102740529,0,1.995387377,0.100900862,0.007144426,0.037788921,0.231474309,1.128129206,1.399103139,1.820689655,1.590846047,0.01864609,0.699346405,0.97416144,0.665391969,0.84,1.6,1.843310484,1.342000349,2.780327862,1.466513824,1.511253979
2001,0.958129176,0.00219255,0.005,0.68188441,0.000125561,0.247,0.645370245,0.001435338,0.218,0.996657914,0.000506398,0.86,4.18E-05,0.206,0.823375388,0.006704967,0.321,0.779584183,0.000233632,0.72,0.005420624,0.362,0.95,4.83E-05,0.178,0.31,0.00096162,0.49,0.000116677,0.615,1.28,0.001612226,0.142,0.002051,0.013002435,0.831533084,0.286823001,0.00325838,1.004217593,0.262848596,0.002619365,1.900055723,0.956679139,0.086444451,0.010135515,0.993973084,0.938999114,0.163619405,0.008447241,0.000285352,0.009476261,1.754931283,1.277164337,0.374989612,0.010440865,0.439777064,1.006639462,0.169132697,0.010462454,0.879979453,0.836228133,0.05531148,0.001139843,1.181144068,,0.081,0.000584908,,0.001299128,0.781960788,1.115981034,0.016691854,0.000276256,0.778150966,0.273855838,0.014742417,0.687350254,0.14024321,0.004578513,0.966166513,0.055256008,0.000749165,0.009398376,0.002858923,0.01365375,0.032481055,0.028295365,0.000291572,0.010118899,0.002113522,0.040878459,0.000384053,0.001754672,0.019674904,0.043293464,0.030994304,0.095934067,,0.035191432,0.000206359,0.06393585,0.762665605,0.250021122,0.000708645,0.879505671,0.067387767,0.002020839,0.002770635,0.032776399,1.37E-05,0.000865412,0.012037073,0.008253097,0.750341064,0.836598694,0.125380381,0.41811,1.131356824,0.59029435,1.091877742,1.13211055,0.469677354,0.162996677,0.385353031,0.410619213,0.011902329,0.003987908,0.0280232,0.009938818,0.006924299,0.755758504,0.152409017,0.013840612,0.69825959,2.224270227,0.130039448,0.627622055,0.136662821,0.078122406,0.009887576,1.572875944,0.079818632,0.015103227,0.039506006,0.246320682,1.098609242,1.423766816,1.355172414,1.185852982,0.020146818,0.699346405,0.984650043,0.638304653,1.4,1.791044776,1.997964101,1.303132073,3.206177559,1.340721072,1.593518875
2002,0.958129176,0.001907806,0.005,0.629431763,0.000135566,0.195,0.619759067,0.001622015,0.188,0.996657914,0.000556367,0.83,2.59E-05,0.234,0.814713538,0.004184994,0.292,0.789219397,0.000355021,0.71,0.006593411,0.306,1.35,8.34E-05,0.235,0.09,0.000712844,0.62,0.000187645,0.676,1.68,0.0018,0.132,0.002077216,0.011822984,1.014532689,0.338594233,0.004693036,1.032978797,0.206882769,0.002120695,1.370206512,0.981849878,0.060212262,0.007245568,0.89422932,0.928715368,0.132859302,0.006784057,0.000362826,0.009480697,1.553239227,1.31860078,0.359104029,0.010322956,0.461483645,1.079173229,0.156946581,0.010408187,0.810080808,0.842587042,0.055406365,0.001150481,1.273834746,,0.065,0.000658983,1.416666667,0.001520071,0.954844634,0.979462984,0.022667951,0.000329269,0.804449616,0.29400065,0.016361758,0.711723553,0.141178331,0.004772477,1.027083507,0.075736571,0.001091584,0.011613864,0.002740441,0.015886077,0.029356202,0.028979372,0.000397962,0.007360193,0.001348432,0.030060615,0.000253693,0.001655921,0.017463504,0.044671667,0.029678222,0.05953271,,0.031160576,0.000252354,0.039305115,0.761106894,0.279831209,0.000791516,0.900936429,0.089507863,0.002749586,0.002870479,0.034251454,8.20E-06,0.001078387,0.01129263,0.002825761,0.480218281,0.930800384,0.159856195,0.593102581,0.919004122,0.695753872,1.04539129,1.143796569,0.558298618,0.195751742,1.018560541,0.487759057,0.037370258,0.004239053,0.022199221,0.006143206,0.005026427,0.693999957,0.183456872,0.015298717,0.525276234,2.464732193,0.108399717,0.520229122,0.164742777,0.078059916,0.001728874,1.844063886,0.096573738,0.01110964,0.036589303,0.301704105,1.118797667,1.446935725,2.044827586,1.786407767,0.018876624,0.77124183,0.947268095,0.616156788,1.413333333,1.141791045,2.361885728,1.342418287,2.383031206,1.380064032,1.498693276
2003,0.958129176,0.002854021,0.005,0.594463332,0.00012378,0.145,0.592477167,0.00137573,0.161,1.002625925,0.000513756,0.81,3.08E-05,0.26,0.780152592,0.003532559,0.299,0.799302027,0.000252826,0.74,0.006940499,0.252,1.51,0.000122325,0.129,0.12,0.001124125,0.49,8.67E-05,0.514,1.34,0.001680194,0.153,0.001874159,0.012631318,1.041448207,0.457783925,0.006513381,0.982335854,0.319773249,0.003117199,1.948731479,1.066325273,0.056553276,0.007390773,1.148318705,0.935541879,0.121463515,0.006247755,0.000293747,0.003656148,1.438188673,1.374981926,0.317644213,0.009521566,2.166546232,1.134174968,0.125602602,0.008754085,0.95799457,0.845920053,0.081420333,0.001697334,1.345338983,,0.126,0.000809363,,0.001839237,1.050096664,0.83869509,0.01626945,0.000202361,0.820686042,0.267842337,0.015206845,0.722410134,0.156099645,0.005356119,1.053978935,0.089730425,0.001327142,0.013824897,0.003495308,0.015259994,0.030864094,0.031286246,0.000299694,0.010063926,0.001676532,0.054956138,0.000389267,0.001974574,0.019033249,0.057457042,0.029098773,0.048472625,,0.035534795,0.0002263,0.050145318,0.744498736,0.211783333,0.000585968,0.876973352,0.110264204,0.003297106,0.003077334,0.036980041,7.78E-06,0.00129145,0.011355217,0.005333624,0.750341064,0.614764775,0.162994983,0.399417419,0.981275741,0.704458205,1.130191613,0.697330884,0.565694756,0.120923677,0.880722898,0.49418997,0.032739129,0.003843284,0.023033936,0.000629263,0.009884856,0.888775261,0.13623411,0.01454921,0.557065042,2.633565011,0.122834569,0.514119236,0.190598468,0.089250426,0.004756126,1.81511586,0.093495692,0.018394045,0.032916907,0.296669249,1.115926424,1.580717489,2.224137931,1.943134535,0.013447786,0.77124183,0.895470045,0.578712556,1.373333333,1.452736318,1.917928986,1.324655903,2.674600967,1.248621711,1.817445373
2004,0.958129176,0.002093204,0.005,0.576979116,0.000111724,0.107,0.575455463,0.001151347,0.138,1.002625925,0.000589801,0.79,5.11E-05,0.239,0.780607059,0.003921865,0.25,0.827733393,0.000382432,1.04,0.005645755,0.224,1.1,0.000198382,0.116,1.07,0.001417973,0.61,0.000135603,0.547,0.81,0.001718339,0.164,0.001419076,0.012668191,0.848575164,0.474932789,0.005505931,0.871567895,0.301659127,0.002609036,1.668829872,1.164848991,0.051818077,0.007397642,1.072013286,1.035639751,0.130442833,0.00742752,0.000452643,0.017137285,1.539688803,1.401488177,0.410036548,0.012528021,0.336374781,1.267937249,0.17425905,0.013577667,0.958371963,0.827191751,0.067524752,0.001376494,1.340042373,,0.102,0.000689505,0.871794872,0.002267727,1.333643918,0.963537878,0.018557726,0.000265182,0.813641231,0.299206973,0.016841761,0.728560515,0.146142175,0.005057148,1.0617947,0.076874432,0.001145429,0.007872041,0.003916311,0.013935087,0.031017066,0.026976313,0.000318579,0.007439668,0.001870383,0.050824417,0.000378697,0.003108987,0.021397579,0.040722172,0.0280758,0.0940049,,0.038191577,0.000281949,0.054824773,0.750323337,0.245191442,0.00068371,0.816663949,0.139699639,0.003890009,0.004684589,0.039332324,3.60E-05,0.000851318,0.015105073,0.00710275,0.500227376,0.943683185,0.167806317,0.631216452,0.645636619,0.717532123,0.757417419,0.72504427,0.576828854,0.128204065,0.556533212,0.50386858,0.02109319,0.004896734,0.023498873,0.013075687,0.006448237,0.957666743,0.128854972,0.014827815,0.824794531,1.577023823,0.108906722,0.749723615,0.156151581,0.106628823,0.006139672,1.635544521,0.088686945,0.014306549,0.035052854,0.479215079,1.078779722,1.592675635,3.217241379,2.812760055,0.008416732,1.161220044,0.882393341,0.6222116,0.813333333,1.201492537,1.796185958,1.42496113,3.264513812,1.500812075,2.015015093
2005,0.962138085,0.00183927,0.004,0.542010685,0.000102289,0.082,0.569028099,0.000965451,0.123,,0.000686392,0.76,5.70E-05,0.22,0.764247021,0.00502695,0.161,0.838687825,0.000317996,0.77,0.004636112,0.185,0.99,0.00013287,0.099,0.96,0.001204689,1.06,8.54E-05,0.586,1.18,0.001570123,0.171,0.002348332,0.007164778,0.692983714,0.439746414,0.004163261,0.892980255,0.242475114,0.002148679,1.027790984,1.279102859,0.044930604,0.007043526,1.001840938,1.133384357,0.088664469,0.00552512,0.00082049,0.007314578,1.10703888,1.378109833,0.327076077,0.009826595,0.912281457,1.257721478,0.132513087,0.010241777,0.958580896,0.820995112,0.057145118,0.001156178,1.363877119,,0.138,0.000630258,0.871794872,0.001483912,1.293299179,1.15443875,0.013897469,0.000237934,0.792202389,0.238992856,0.013097967,0.721597311,0.13420694,0.004599752,1.064553206,0.065961779,0.000985384,0.002847364,0.002964528,0.013186208,0.027956842,0.04258031,0.000257888,0.012909368,0.001356216,0.034456622,0.000477329,0.001618235,0.016523333,0.023892134,0.024250478,0.227714356,,0.030473639,0.000360464,0.060216786,0.726547685,0.321718803,0.000868677,0.73491528,0.10658617,0.002670854,0.002415502,0.038195837,9.86E-06,0.000639168,0.010943511,0.00606855,0.660300136,0.990957618,0.113598393,0.448715484,0.985276246,0.549725606,0.885543226,0.457922613,0.436045447,0.061208839,0.515887761,0.381306927,0.014796665,0.004080857,0.016588006,0.0001,0.006779339,1.055675205,0.100617466,0.012763368,0.934026899,1.095928442,0.0857062,1.025198068,0.102347387,0.095567797,0.008021969,1.091416768,0.073054136,0.008745803,0.022169665,0.51859024,0.892418125,1.454409567,1.637931034,1.432732316,0.017145363,1.5,0.918156161,0.519439133,1.04,1.539800995,1.354059657,1.363942117,2.956192921,1.247442686,1.749830188
2006,0.966146993,0.002608125,0.004,0.542010685,0.000110571,0.066,0.564664567,0.001446087,0.15,,0.001103044,0.75,2.99E-05,0.203,0.726280345,0.006846601,0.152,0.883226341,0.000273495,0.83,0.004664078,0.19,1.39,4.37E-05,0.096,1,0.001613645,0.71,0.000116468,0.629,1.14,0.001074287,0.159,0.002451003,0.009644105,0.593736721,0.354907802,0.002878841,0.869417236,0.27208379,0.002347434,0.785989364,1.387041378,0.04742555,0.008062026,0.722931389,1.278514447,0.101940929,0.007165873,0.000259391,0.016072945,0.660963451,0.571993682,0.410531374,0.00511927,0.414585937,0.914975762,0.173868929,0.009776055,0.958186808,0.823383137,0.053916229,0.001094023,1.350635593,,0.146,0.000638598,0.326923077,0.001333928,1.41182605,1.33927347,0.014685313,0.000291678,0.846745956,0.234841674,0.013756601,0.744333134,0.125590502,0.004440058,1.091678509,0.094288692,0.001444442,0.003660067,0.002681281,0.013581082,0.0345363,0.04840151,0.000292677,0.007815859,0.001239802,0.05741245,0.00087181,0.002343703,0.01077582,0.037987598,0.026375965,0.174588827,0.99,0.033704828,0.000220112,0.059870745,0.653742485,0.187437312,0.000455387,0.684589104,0.074294325,0.001734194,0.001626672,0.035692341,4.78E-07,0.000929057,0.008690648,0.006091619,0.880400182,0.657448613,0.119591182,0.313404161,1.103649244,0.570669783,1.029726129,1.096460038,0.453378057,0.152385484,0.510951709,0.396415877,0.015235784,0.008760148,0.021368107,0.000222724,0.004809687,1.291559517,0.072164025,0.011199452,1.075730006,1.420525974,0.127944942,1.473409248,0.094003315,0.126151842,0.002740515,1.316354245,0.098096953,0.011603404,0.022080861,0.787890524,0.852848811,1.540358744,1.95862069,1.714285714,0.026655999,1.8,1.245999361,0.585086042,1.186666667,1.3,0.972207176,1.232082537,2.898021303,1.509883164,1.754405654
2007,0.970155902,0.001915876,0.003,0.524526469,0.000109142,0.057,0.556743382,0.000541882,0.096,,0.000787204,0.73,3.70E-05,0.224,0.656881647,0.00396231,0.146,0.927626704,0.000468004,0.74,0.005011482,0.178,1.19,0.000105008,0.087,0.72,0.001214559,0.46,0.00012759,0.54,0.92,0.001502084,0.166,0.001056045,0.009831841,0.58933006,0.277824315,0.002236851,0.841418728,0.316867173,0.002645769,1.397650672,1.44018654,0.040220539,0.007099194,1.288821109,1.270410633,0.076724512,0.005359116,0.000286023,0.007876267,0.958236314,0.53359065,0.426274543,0.004958703,3.72834982,0.880939331,0.13240132,0.007167544,0.958391436,0.827653006,0.06354556,0.0012961,1.347987288,,0.17,0.000475576,0.544871795,0.001394448,1.171769551,1.443256279,0.012002619,0.000256903,0.957678844,0.220760684,0.014625963,0.801004405,0.139878251,0.00532169,1.103402157,0.112741667,0.001745677,0.001887277,0.002856627,0.012644592,0.031860554,0.060838665,0.000265682,0.017003744,0.002032807,0.045428708,0.000588966,0.002202883,0.01237675,0.023753842,0.026259964,0.36928159,1.08,0.035001463,0.000197955,0.050521419,0.637503248,0.198461514,0.000470194,0.660457082,0.081703526,0.001839913,0.002475038,0.028097546,1.04E-05,0.000974943,0.006496413,0.015257362,0.740336517,1.459931555,0.112618971,0.655371935,0.727120566,0.54624022,0.649375484,1.169820454,0.433167125,0.155333452,1.051051856,0.378797585,0.029947823,0.009645741,0.016588018,0.030317114,0.005568177,1.188312093,0.034992149,0.004996464,2.114138696,0.583256089,0.103243665,1.325582757,0.07793231,0.094091726,0.003680618,1.482730462,0.084819997,0.00687034,0.023627351,0.732636199,0.624674742,0.992526158,1.7,1.485436893,0.221221737,2,1.650259787,0.588272785,1.333333333,1.4,0.770167541,1.338238903,2.773662436,1.538246568,1.929489569
2008,0.974164811,0.000777871,0.002,0.524526469,9.90E-05,0.053,0.558925147,6.50E-05,0.058,,0.000777126,0.72,1.49E-05,0.197,0.664878848,0.003514922,0.115,0.969146864,9.31E-05,0.7,0.003773296,0.207,1.67,7.58E-05,0.107,0.58,0.001562384,0.65,8.90E-05,0.823,0.8,0.001244084,0.147,0.003633474,0.008213179,0.677477833,0.317057279,0.002934547,0.911595941,0.231693301,0.002095937,0.452956728,1.468718448,0.044488634,0.00800811,1.008692455,1.40317207,0.096239624,0.007424714,0.000585436,0.009070846,1.301588101,0.531967177,0.571564347,0.006628579,1.397611035,1.028387954,0.153446026,0.009697163,0.958838657,0.822510778,0.059208298,0.001200133,1.424788136,,0.109,0.000504466,0.980769231,0.001174732,0.784328031,1.461603938,0.008111331,0.000175822,1.112129149,0.11591109,0.008917909,0.826865742,0.134995764,0.005301755,1.129607958,0.106908628,0.001694674,0.005365787,0.003536636,0.012211705,0.03539751,0.071586195,0.000264014,0.019878505,0.001418486,0.050938303,0.000528998,0.003238083,0.016210074,0.036098581,0.025542837,0.288525514,0.98,0.037889497,0.000120337,0.040578281,0.606810955,0.22705232,0.000512032,0.646694868,0.070177039,0.001547414,0.003669026,0.039855284,5.41E-06,0.00076861,0.008705572,0.009874519,0.280127331,1.333150194,0.063889835,0.339511613,1.627804562,0.348393028,0.92720871,0.815616965,0.272447918,0.06811771,1.267252219,0.23848751,0.022733306,0.004234642,0.018707645,0.017195293,0.006515783,1.663551883,0.035782554,0.007152688,1.463024863,0.600069419,0.073506181,2.097113231,0.048819117,0.093247852,0.00456631,1.269829745,0.07213957,0.006786594,0.019986832,0.850632585,0.631224764,1.015695067,1.703448276,1.488210818,0.398058998,2.1,1.913272514,0.566921606,1.453333333,1.3,0.540316405,1.383794193,2.878115869,1.479125599,1.95717252
2009,0.982182628,0.000874972,0.003,0.507042254,0.000107949,0.053,0.5660208,0.000242475,0.066,,0.001157016,0.7,2.20E-05,0.241,0.692474465,0.003403952,0.159,1.019501543,0.000240847,0.77,0.003886492,0.233,1.52,5.60E-05,0.094,0.77,0.002212309,0.75,0.000126413,1.072,0.91,0.001592588,0.157,0.001793966,0.010577936,0.731198808,0.354135593,0.003537637,0.968000949,0.171931395,0.001651556,0.328622996,1.462676087,0.04295519,0.007700274,0.781435882,1.465657298,0.089200397,0.0071881,0.000456963,0.013054122,1.192360482,0.536052191,0.28631162,0.003345927,0.300648771,1.141359455,0.108439071,0.007605719,0.959215394,0.821304328,0.060256798,0.001219594,1.57309322,,0.05,0.000600829,0.326923077,0.000993835,1.229032095,1.148901979,0.007923613,0.000135007,1.405981684,0.109550463,0.010655571,0.834946811,0.182857774,0.007251648,1.112137424,0.059873915,0.000934419,0.00824267,0.003222258,0.011893701,0.035785814,0.05798607,0.000294662,0.023668972,0.001857512,0.064667769,0.000612355,0.001457344,0.015694979,0.060337576,0.026273033,0.261293115,1.04,0.032737766,9.79E-05,0.052758403,0.557780763,0.30333781,0.000628794,0.643828876,0.049331673,0.00108295,0.001447522,0.044513578,6.82E-06,0.001188871,0.007488612,0.010607228,1.0104593,0.254652408,0.082204892,0.083442871,1.571005127,0.428692784,1.101107097,2.685979564,0.337075498,0.277536548,1.368027016,0.294949337,0.03035121,0.004170623,0.018755476,0.006728952,0.007095979,1.660203672,0.02716459,0.005419087,2.102595941,0.634803674,0.111754729,2.108171114,0.057126916,0.109691677,0.008774928,1.663709287,0.089732161,0.007440198,0.019461082,0.802091402,0.69546882,0.588938714,2.031034483,1.776699029,0.455100214,2.2,1.866529123,0.601975781,1.866666667,1.669154229,0.686845104,1.75555044,2.732582369,1.485020724,1.731565671
2010,0.986191537,0.001204105,0.004,0.507042254,8.98E-05,0.055,0.570502265,0.000167762,0.072,,0.000582777,0.68,1.21E-05,0.268,,0.004015249,0.14,1.053407078,7.79E-05,0.73,0.001050963,0.234,1.15,6.54E-05,0.083,0.77,0.000671483,0.67,1.49E-05,0.712,0.44,0.000702982,0.151,0.002093079,0.005955107,0.735667945,0.323052477,0.003246857,1.024096227,0.213848819,0.002173252,0.629210199,1.412787259,0.035516151,0.006149574,1.654574946,1.436277881,0.084172395,0.00664696,0.000300203,0.016673081,0.912394041,0.769662062,0.18888681,0.003169364,0.550507099,1.27051015,0.08102924,0.006326332,,,0.061003552,,1.795550847,,0.023,0.000329713,0.653846154,0.000509517,0.991146569,1.098172831,0.003360806,5.47E-05,1.725794511,0.068471904,0.008174935,0.783038351,0.117806141,0.004381426,1.152365627,0.053864353,0.000871039,0.008281212,0.001711615,0.011027481,0.030179492,0.077186721,0.000214779,0.021490266,0.002123166,0.068234548,0.000413931,0.001442801,0.01336676,0.056755826,0.023831783,0.286288707,0.81,0.037732681,0.000103275,0.042979546,,0.242950548,,0.636144733,0.040376668,0.000875787,0.003585679,0.030293687,7.91E-06,0.001210813,0.00360636,0.018634986,1.390632106,1.028387258,0.128166776,0.525382903,0.293993306,0.599531899,0.288174484,2.24662946,0.477369505,0.328758065,3.366469777,0.417320891,0.105676581,0.006157236,0.017896949,0.047603079,0.009170295,1.853134936,0.032301134,0.007192608,2.315327827,0.341517704,0.066205851,1.752728283,0.054554395,0.087090619,0.009236876,1.254424807,0.060395625,0.010651257,0.022038599,1.110250452,0.49277703,0.392376682,1.851724138,1.618585298,0.474442425,2.3,1.743585633,0.510356915,1.92,1.106965174,0.604307141,1.396541316,2.552337098,1.048023167,1.633895571
2011,0.994209354,0.000737466,0.002,0.507042254,0.000140862,0.059,0.572625064,9.81E-05,0.051,,0.000928778,0.66,1.69E-05,0.224,,0.002787462,0.128,1.103463105,0.000414643,1.47,0.003404278,0.224,0.68,9.80E-06,0.085,1.39,0.000845515,1.87,0.000176032,0.681,1.59,0.001199035,0.16,0.001908271,0.006622711,0.74488442,0.242056303,0.002463279,0.984902336,0.262562169,0.002566184,0.64085075,1.341751632,0.042035907,0.006912497,0.788535225,1.648315182,0.072106614,0.006534769,0.000310245,0.018535282,1.054465807,0.965818344,0.080202107,0.001688697,0.739736641,1.402686708,0.123070901,0.010608357,,,0.060156216,,2.311970339,,0.02,0.000301856,0.871794872,0.000525842,1.110032533,1.259168174,0.003144622,5.87E-05,2.058409589,0.097001231,0.013813123,0.789769418,0.202021912,0.007578152,1.170066037,0.039818075,0.000653787,0.011986288,0.002507775,0.014971289,0.04412704,0.05231911,0.000340155,0.025641476,0.002209318,0.073748087,0.000275668,0.001745784,0.020403103,0.060924731,0.030359174,0.286839848,0.54,0.042732655,0.000174855,0.0485661,,0.257780226,,0.621190487,0.067927026,0.00143873,0.002545531,0.043120059,2.13E-06,0.001452203,0.004430585,0.010615816,3.281491587,1.546638577,0.124072861,0.764908387,1.125989605,0.58591314,1.078632258,0.290510741,0.466033583,0.041502065,2.392570857,0.407444311,0.073327516,0.004197391,0.024716662,0.023367606,0.006671954,1.745515401,0.028543879,0.005986848,2.140518282,0.593684451,0.106400893,2.637123752,0.035199961,0.084547297,0.028197176,1.474204889,0.081436305,0.012276506,0.029367014,1.20694552,0.557290265,0.640508221,2.35862069,2.062413315,0.387761836,2.4,1.934770088,0.585086042,2.213333333,0.485074627,0.744690786,1.751788994,2.92860867,1.326785828,1.663078177
2012,0.998218263,0.001057798,0.004,0.489558038,0.0001375,0.065,0.574944418,1.20E-05,0.058,,0.000549668,0.64,3.29E-05,0.285,,0.003437206,0.128,,0.000144751,1.33,0.005222476,0.222,2.29,0.000104244,0.06,2.6,0.002365682,1.68,0.00009768,0.636,0.89,0.002224957,0.172,0.001701444,0.008526957,0.785263704,0.239334752,0.002567613,,0.216114128,,0.789179707,1.253905034,0.05596056,0.008599815,,,0.081826469,,0.000334338,0.0141733,1.015134902,1.212089662,0.093106452,0.002460283,0.402469852,1.457100213,0.158661669,0.014206709,,,0.060472189,,3.230932203,,0.01,0.000616414,1.198717949,0.001008553,1.3198898,1.150511924,0.003094128,5.28E-05,2.269200054,0.098439364,0.015453413,0.770735499,0.155348287,0.00568691,1.201099223,0.061800191,0.001041632,0.014058482,0.002851985,0.014543272,0.040072397,0.027993644,0.000329226,0.004230336,0.002289709,0.055587159,0.000501947,0.000787149,0.017031262,0.065326728,0.032172363,0.170808144,0.39,0.035718425,0.000250341,0.037698415,,0.268022861,,0.575636684,0.037996859,0.000745775,0.002031038,0.045258898,2.31E-06,0.001053432,0.006087604,0.013152752,1.030468395,1.215091975,0.093080083,0.450826774,1.701592528,0.47287427,1.315549032,1.150619815,0.372976243,0.131553774,0.636945829,0.326290881,0.015632965,0.002277169,0.019592753,0.001999972,0.003419544,1.512155133,0.027533404,0.005002854,2.192949972,0.519615801,0.095407328,1.448989963,0.075271916,0.099340281,0.00220232,1.464112994,0.081207229,0.002699397,0.019791815,1.284663052,0.579901301,0.76083707,2.675862069,2.338418863,0.414087856,2.5,1.645316591,0.565806246,2.573333333,0.661691542,0.62541325,1.808210685,3.117694715,1.596582121,1.646457304
2013,1.00623608,0.002491648,0.004,0.489558038,0.000117216,0.071,0.578207239,0.000212485,0.055,,0.000958428,0.62,3.52E-05,0.251,,0.005545125,0.128,,0.000197055,1.02,0.003851247,0.211,0.58,2.68E-05,0.048,0.5,0.001632805,9.90E-01,8.51E-05,0.594,0.99,0.001717619,0.151,0.001937806,0.012593269,0.829031519,0.270805118,0.003067158,,0.230841705,,,,0.044504206,,,,0.079368493,,0.000296324,0.011226144,0.401855328,1.542259034,0.096326765,0.00323873,0.645194725,1.402968028,0.166595494,0.014362931,,,0.060543986,,3.416313559,,0.03,0.000528421,2.288461538,0.001038566,0.937283111,1.32E+00,0.003737134,7.30E-05,2.495341993,0.120092538,0.020731415,0.817403106,0.148236535,0.005755142,1.196961465,0.074042443,0.001243674,0.01070884,0.003308992,0.014281831,0.033358078,0.021366245,0.000292343,0.012486407,0.003103234,0.066013261,0.000483406,0.00141566,0.017401002,0.041096485,0.030765212,0.18212626,1.17,0.03409263,0.00010827,0.047155437,,0.256251212,,0.548748366,0.071188284,0.001331968,1.33E-03,0.040081309,2.32E-06,0.001253901,0.009297759,0.008042143,1.000454752,1.19443207,0.082699091,0.393736774,1.385606705,0.430755228,0.975834839,2.232678848,0.338745904,0.231841194,1.348369864,0.296407975,0.030063035,0.005485968,0.025754361,0.006459464,0.008398701,1.000046633,0.038756125,0.004657171,1.933118563,0.599408967,0.097018015,1.751666483,0.051689502,0.082467116,0,1.397580897,0.068773356,0.014244219,0.02267023,1.113477924,0.542126514,0.85426009,2.434482759,2.127600555,0.277489988,2.6,1.554478376,0.553749734,2.235555556,2.5,0.698238667,1.844780299,3.547474993,1.638111604,1.740154556
2014,1.014253898,0.000953768,0.002,0.472073822,0.000180896,0.075,5.81E-01,1.14E-05,0.049,,0.00028846,6.00E-01,1.15E-05,0.212,,0.004111988,0.128,,0.000194123,0.85,0.002437528,0.215,0.96,3.63E-05,0.053,0.54,0.000699602,7.50E-01,7.39E-05,0.648,0.6,0.000995602,0.134,0.001263956,0.011821264,0.819983408,0.25609927,0.002868941,,0.236506001,,,,0.047500224,,,,0.077767192,,0.000442792,0.013734362,0.716556882,1.605450439,0.061981711,0.002169357,0.70077419,1.291285306,0.149442688,0.015183066,,,0.060390797,,3.44279661,,0.017,0.00052783,1.198717949,0.000873394,1.179167265,1.29E+00,0.003574401,6.83E-05,2.670638215,0.071884812,0.01328113,0.86670618,0.150261181,0.006185619,,0.05855357,,0.010726647,0.003475602,0.011374186,0.01471622,0.025596951,0.000243302,0.008961875,0.001202483,0.053014716,0.000408468,0.000827229,0.01526884,0.0406297,0.023158703,0.182308935,0.88,0.018493219,0.000238779,0.044850324,,0.260684766,,,0.05903739,,2.14E-03,0.032461673,3.86E-05,0.001141678,0.005984501,0.008191566,1.760800364,0.759261505,0.099950678,0.212103258,1.378188724,0.496514212,0.848149032,1.973798544,0.392585244,0.178433839,2.834736474,0.343381056,0.055037419,0.002647843,0.026525144,0.024399109,0.004432458,1.23702008,0.037413685,0.005561204,1.386147652,0.785381113,0.091150825,1.22761201,0.07651863,0.085556961,0.00730647,1.445299593,0.076086198,0.006375194,0.039636792,1.062871159,0.603589053,0.983557549,1.586206897,1.386962552,0.22673646,2.7,1.06497156,0.568214008,2.340740741,1.570480929,0.698238667,1.91436705,2.814493583,1.439231945,1.217328095
2015,1.018262806,0.001208736,0.002,0.472073822,0.000127348,0.07,5.83E-01,9.66E-06,0.051,,0.000248237,0.58,9.62E-06,0.247,,0.002934318,0.128,,7.83E-05,0.92,0.001643521,0.215,0.54,9.04E-06,0.056,1.03,0.001052665,1.01E+00,8.09E-05,0.648,0.57,0.000432274,0.129,0.00140091,0.013293466,0.841592148,0.28080443,0.003228597,,0.227820611,,,,0.049321663,,,,0.079654051,,0.000312859,0.010098221,0.897032661,1.760616932,0.054399079,0.002087983,1.571201753,0.848851491,0.158233284,0.011086806,,,0.060468991,,,,0.017,0.000302443,,0.001044049,1.533165086,1.16E+00,0.004975747,8.57E-05,2.943945563,0.092018049,0.018740692,0.932714227,0.151282001,0.005174155,,0.064798735,,0.007394856,0.002863767,0.014679256,0.020109217,0.045226082,0.00029757,0.018147025,0.000883325,0.044055114,0.000686323,0.000580475,0.014895718,0.032650055,0.026932852,0.209662257,,0.006371163,0.00012071,0.045069852,,0.261652946,,,0.056074178,,2.21E-03,0.013767559,3.79E-05,0.001398098,0.00854266,0.0038212,1.150522965,1.120233157,0.091909951,0.539535484,0.888574163,0.46671457,0.835220323,2.167241352,0.368102464,0.303539774,3.119956652,0.322026638,0.093751935,0.004479161,0.019603639,0.027603654,0.003604893,1.13073532,0.034567738,0.007199199,1.436163686,0.803780624,0.096652286,0.974764673,0.090966808,0.080762503,0.007652116,1.435664495,0.077558278,0.007008851,0.035325919,1.000129099,0.575205623,0.866218236,2.231034483,1.951456311,0.192192599,2.6,1.142488156,0.562589996,2.383209877,1.932283029,0.673963528,2.031807753,2.520772415,1.67276916,1.11909981
2016,1.022271715,0.000790222,0.001,,0.00011553,0.07,,8.74E-06,0.051,,0.000231713,,7.66E-06,0.247,,0.003636529,0.128,,9.19E-05,1.01,0.003011331,0.215,0.7,0,0.061,2.05,0.001567712,1.20E+00,7.16E-05,0.648,0.58,0.000592087,0.134,0.001469462,0.010149549,,0.269236272,,,0.231722772,,,,0.047108698,,,,0.078929912,,0.001020145,0.007022486,,,0.070902518,,0.70671508,0.781649675,0.158090489,0.009472076,,,0.060467925,,,,0.017,0.000393843,,0.001026895,0.875914022,1.468267719,0.005902719,0.000128531,3.13474499,0.089551087,0.019420299,1.118454995,0.149926572,0.005532794,,0.065798249,,0.007399204,0.003350552,0.015014177,0.020425775,0.020606193,0.000286725,0.021517392,0.001062094,0.038557857,0.000432253,0.000943519,0.013544796,0.030461856,0.02616568,0.127105188,,0.005136859,0.000174616,0.039611904,,0.259529641,,,0.062099951,,1.14E-03,0.019206449,3.37E-05,0.001278757,0.009655832,0.001310874,1.480673033,0.930218517,0.091519907,0.38543129,1.237157905,0.464661337,1.040881935,0.932401069,0.36647787,0.116362742,2.410600527,0.320605223,0.064566645,0.007031785,0.019899452,0.024557387,0.006799097,0.787544227,0.036912516,0.007076953,1.124127897,0.729523568,0.074420306,0.87696747,0.073058313,0.104295161,0.016265046,1.426181661,0.075997408,0.009980725,0.027395214,0.966498838,0.573640397,0.901345291,2.083908046,1.822006472,0.195085569,2.5,0.986002574,0.561517913,2.319835391,2.355813525,0.690146954,2.105782858,2.379462363,1.689580647,1.173087895
